,start_date,end_date,problem_start_number_of_icu_active_cases,problem_end_number_of_icu_active_cases,problem_vaccinated_population,city,problem_start_number_of_deaths,problem_end_number_of_deaths,problem_start_number_of_active_cases,problem_end_number_of_active_cases,problem_average_temperature,problem_average_humidity,solution_lockdown_policy_level,solution_vaccine_policy_level,solution_mask_policy_level
0,2021-03-04,2021-03-18,1.0,0.0,0.0,Kusel,59.0,59.0,27.0,36.0,3.2477333333333336,75.848,2.0,3.0,2.0
1,2021-03-18,2021-04-06,0.0,1.0,0.0,Kusel,59.0,60.0,36.0,89.0,6.357714285714286,65.47428571428571,2.0,3.0,2.0
2,2021-04-06,2021-04-23,1.0,1.0,0.0,Kusel,60.0,64.0,89.0,131.0,4.863777777777777,69.96888888888888,2.0,3.0,2.0
3,2021-04-23,2021-05-07,1.0,3.0,0.0,Kusel,64.0,65.0,131.0,182.0,7.355733333333333,62.461333333333336,2.0,3.0,2.0
4,2021-05-07,2021-06-01,3.0,2.0,0.0,Kusel,65.0,67.0,182.0,61.0,10.527384615384616,76.06153846153846,2.0,3.0,2.0
5,2021-06-01,2021-06-29,2.0,1.0,0.0,Kusel,67.0,68.0,61.0,5.0,18.227310344827586,74.8896551724138,2.0,3.0,2.0
6,2021-06-29,2021-08-02,1.0,0.0,1.0,Kusel,68.0,68.0,5.0,7.0,16.661942857142858,80.63771428571428,2.0,5.0,2.0
7,2021-08-02,2021-08-20,0.0,0.0,1.0,Kusel,68.0,68.0,7.0,29.0,16.348631578947366,80.92421052631579,2.0,5.0,2.0
8,2021-08-20,2021-09-07,0.0,1.0,1.0,Kusel,68.0,69.0,29.0,87.0,15.439999999999998,78.53894736842105,2.0,5.0,2.0
9,2021-09-07,2021-09-29,1.0,0.0,1.0,Kusel,69.0,70.0,87.0,59.0,14.261565217391308,82.14434782608696,0.0,5.0,2.0
10,2021-09-29,2021-10-23,0.0,1.0,1.0,Kusel,70.0,71.0,59.0,62.0,9.1384,83.736,0.0,5.0,2.0
11,2021-10-23,2021-11-04,1.0,0.0,1.0,Kusel,71.0,71.0,62.0,82.0,7.380307692307692,90.66153846153846,0.0,5.0,2.0
12,2021-11-04,2021-11-19,0.0,1.0,1.0,Kusel,71.0,72.0,82.0,275.0,4.187749999999999,92.11,0.0,5.0,2.0
13,2021-11-19,2021-12-13,1.0,4.0,1.0,Kusel,72.0,76.0,275.0,441.0,2.2928,90.3072,0.0,5.0,2.0
14,2021-12-13,2021-12-28,4.0,1.0,1.0,Kusel,76.0,80.0,441.0,273.0,3.0810000000000004,91.84,0.0,5.0,2.0
15,2021-12-28,2022-01-19,1.0,2.0,1.0,Kusel,80.0,81.0,273.0,477.0,2.8947272727272724,91.68181818181819,0.0,5.0,2.0
16,2022-01-19,2022-01-28,2.0,1.0,1.0,Kusel,81.0,81.0,477.0,799.0,0.9676,88.6,0.0,5.0,2.0
17,2022-01-28,2022-02-17,1.0,0.0,2.0,Kusel,81.0,88.0,799.0,1264.0,4.123047619047619,83.75238095238095,0.0,5.0,2.0
18,2022-02-17,2022-03-18,0.0,1.0,2.0,Kusel,88.0,94.0,1264.0,2742.0,3.512266666666666,69.412,0.0,5.0,2.0
19,2022-03-18,2022-04-03,1.0,1.0,2.0,Kusel,94.0,97.0,2742.0,3859.0,6.73270588235294,62.42588235294118,0.0,5.0,2.0
20,2022-04-03,2022-04-26,1.0,0.0,2.0,Kusel,97.0,103.0,3859.0,1571.0,8.022,67.52666666666667,0.0,5.0,2.0
21,2022-04-26,2022-06-01,0.0,0.0,2.0,Kusel,103.0,107.0,1571.0,401.0,13.839567567567569,66.56324324324325,0.0,5.0,2.0
22,2022-06-01,2022-06-17,0.0,0.0,2.0,Kusel,107.0,109.0,401.0,564.0,16.65129411764706,65.16,0.0,5.0,2.0
23,2022-06-17,2022-09-02,0.0,0.0,2.0,Kusel,109.0,118.0,564.0,414.0,19.678553104155977,57.81580297588507,0.0,5.0,2.0
24,2021-03-04,2021-03-18,2.0,3.0,0.0,Bernkastel-Wittlich,57.0,57.0,88.0,99.0,3.3477333333333337,77.00266666666667,2.0,3.0,2.0
25,2021-03-18,2021-04-06,3.0,2.0,0.0,Bernkastel-Wittlich,57.0,57.0,99.0,83.0,6.8428571428571425,65.00380952380952,2.0,3.0,2.0
26,2021-04-06,2021-04-23,2.0,3.0,0.0,Bernkastel-Wittlich,57.0,60.0,83.0,278.0,4.751333333333334,70.86666666666666,2.0,3.0,2.0
27,2021-04-23,2021-05-07,3.0,3.0,0.0,Bernkastel-Wittlich,60.0,61.0,278.0,270.0,6.910933333333333,63.152,2.0,3.0,2.0
28,2021-05-07,2021-06-01,3.0,0.0,0.0,Bernkastel-Wittlich,61.0,61.0,270.0,97.0,10.418153846153846,74.18,2.0,3.0,2.0
29,2021-06-01,2021-06-29,0.0,0.0,0.0,Bernkastel-Wittlich,61.0,62.0,97.0,11.0,18.103034482758623,72.69241379310346,2.0,3.0,2.0
30,2021-06-29,2021-08-02,0.0,1.0,1.0,Bernkastel-Wittlich,62.0,62.0,11.0,54.0,16.28617142857143,79.93942857142856,2.0,5.0,2.0
31,2021-08-02,2021-08-20,1.0,1.0,1.0,Bernkastel-Wittlich,62.0,62.0,54.0,75.0,16.357684210526315,78.28210526315789,2.0,5.0,2.0
32,2021-08-20,2021-09-07,1.0,0.0,1.0,Bernkastel-Wittlich,62.0,63.0,75.0,145.0,15.782947368421052,77.73894736842105,2.0,5.0,2.0
33,2021-09-07,2021-09-29,0.0,2.0,1.0,Bernkastel-Wittlich,63.0,63.0,145.0,163.0,14.99791304347826,80.01739130434783,0.0,5.0,2.0
34,2021-09-29,2021-10-23,2.0,0.0,1.0,Bernkastel-Wittlich,63.0,64.0,163.0,157.0,9.92304,83.52,0.0,5.0,2.0
35,2021-10-23,2021-11-04,0.0,1.0,1.0,Bernkastel-Wittlich,64.0,66.0,157.0,259.0,9.071692307692308,85.29846153846154,0.0,5.0,2.0
36,2021-11-04,2021-11-19,1.0,3.0,1.0,Bernkastel-Wittlich,66.0,67.0,259.0,311.0,4.948,91.5025,0.0,5.0,2.0
37,2021-11-19,2021-12-13,3.0,0.0,1.0,Bernkastel-Wittlich,67.0,70.0,311.0,578.0,2.47344,90.8864,0.0,5.0,2.0
38,2021-12-13,2021-12-28,0.0,2.0,1.0,Bernkastel-Wittlich,70.0,73.0,578.0,377.0,3.5785,91.2425,0.0,5.0,2.0
39,2021-12-28,2022-01-19,2.0,0.0,1.0,Bernkastel-Wittlich,73.0,78.0,377.0,922.0,2.930909090909091,91.10545454545455,0.0,5.0,2.0
40,2022-01-19,2022-01-28,0.0,0.0,1.0,Bernkastel-Wittlich,78.0,79.0,922.0,2005.0,0.40279999999999994,92.208,0.0,5.0,2.0
41,2022-01-28,2022-02-17,0.0,1.0,2.0,Bernkastel-Wittlich,79.0,85.0,2005.0,2602.0,3.8986666666666667,84.2552380952381,0.0,5.0,2.0
42,2022-02-17,2022-03-18,1.0,2.0,2.0,Bernkastel-Wittlich,85.0,91.0,2602.0,3918.0,4.434666666666667,63.96933333333333,0.0,5.0,2.0
43,2022-03-18,2022-04-03,2.0,2.0,2.0,Bernkastel-Wittlich,91.0,95.0,3918.0,3940.0,7.079764705882353,60.818823529411766,0.0,5.0,2.0
44,2022-04-03,2022-04-26,2.0,2.0,2.0,Bernkastel-Wittlich,95.0,107.0,3940.0,2536.0,7.954833333333332,66.96166666666667,0.0,5.0,2.0
45,2022-04-26,2022-06-01,2.0,0.0,2.0,Bernkastel-Wittlich,107.0,114.0,2536.0,510.0,13.567675675675675,66.97297297297297,0.0,5.0,2.0
46,2022-06-01,2022-06-17,0.0,0.0,2.0,Bernkastel-Wittlich,114.0,116.0,510.0,976.0,16.57294117647059,63.616470588235295,0.0,5.0,2.0
47,2022-06-17,2022-09-02,0.0,1.0,2.0,Bernkastel-Wittlich,116.0,123.0,976.0,617.0,19.934,55.706153846153846,0.0,5.0,2.0
48,2021-03-04,2021-03-18,0.0,3.0,0.0,Bad Dürkheim,133.0,137.0,86.0,114.0,5.550133333333332,69.496,2.0,3.0,2.0
49,2021-03-18,2021-04-06,3.0,2.0,0.0,Bad Dürkheim,137.0,142.0,114.0,223.0,8.211428571428572,62.97904761904762,2.0,3.0,2.0
50,2021-04-06,2021-04-23,2.0,4.0,0.0,Bad Dürkheim,142.0,147.0,223.0,368.0,7.2877777777777775,63.577777777777776,2.0,3.0,2.0
51,2021-04-23,2021-05-07,4.0,4.0,0.0,Bad Dürkheim,147.0,148.0,368.0,298.0,9.663733333333333,58.4,2.0,3.0,2.0
52,2021-05-07,2021-06-01,4.0,0.0,0.0,Bad Dürkheim,148.0,149.0,298.0,86.0,13.154,68.86307692307692,2.0,3.0,2.0
53,2021-06-01,2021-06-29,0.0,0.0,0.0,Bad Dürkheim,149.0,150.0,86.0,15.0,20.78358620689655,68.7848275862069,2.0,3.0,2.0
54,2021-06-29,2021-08-02,0.0,0.0,1.0,Bad Dürkheim,150.0,150.0,15.0,40.0,19.373714285714286,72.94742857142857,2.0,5.0,2.0
55,2021-08-02,2021-08-20,0.0,0.0,1.0,Bad Dürkheim,150.0,150.0,40.0,70.0,19.122947368421052,73.17263157894737,2.0,5.0,2.0
56,2021-08-20,2021-09-07,0.0,3.0,1.0,Bad Dürkheim,150.0,150.0,70.0,204.0,17.546526315789475,71.90947368421052,2.0,5.0,2.0
57,2021-09-07,2021-09-29,3.0,0.0,1.0,Bad Dürkheim,150.0,152.0,204.0,172.0,16.658434782608694,73.09217391304348,0.0,5.0,2.0
58,2021-09-29,2021-10-23,0.0,2.0,1.0,Bad Dürkheim,152.0,159.0,172.0,141.0,10.87728,78.304,0.0,5.0,2.0
59,2021-10-23,2021-11-04,2.0,4.0,1.0,Bad Dürkheim,159.0,160.0,141.0,283.0,7.9329230769230765,86.04615384615384,0.0,5.0,2.0
60,2021-11-04,2021-11-19,4.0,1.0,1.0,Bad Dürkheim,160.0,163.0,283.0,681.0,5.886749999999999,86.155,0.0,5.0,2.0
61,2021-11-19,2021-12-13,1.0,6.0,1.0,Bad Dürkheim,163.0,170.0,681.0,914.0,4.05968,81.584,0.0,5.0,2.0
62,2021-12-13,2021-12-28,6.0,4.0,1.0,Bad Dürkheim,170.0,182.0,914.0,564.0,4.32075,86.175,0.0,5.0,2.0
63,2021-12-28,2022-01-19,4.0,1.0,1.0,Bad Dürkheim,182.0,189.0,564.0,798.0,5.016545454545454,81.88909090909091,0.0,5.0,2.0
64,2022-01-19,2022-01-28,1.0,1.0,1.0,Bad Dürkheim,189.0,190.0,798.0,1531.0,2.8836,78.512,0.0,5.0,2.0
65,2022-01-28,2022-02-17,1.0,3.0,2.0,Bad Dürkheim,190.0,197.0,1531.0,2867.0,6.1356190476190475,74.01142857142857,0.0,5.0,2.0
66,2022-02-17,2022-03-18,3.0,0.0,2.0,Bad Dürkheim,197.0,198.0,2867.0,4615.0,5.550666666666666,63.356,0.0,5.0,2.0
67,2022-03-18,2022-04-03,0.0,1.0,2.0,Bad Dürkheim,198.0,205.0,4615.0,4994.0,8.401882352941175,60.59058823529412,0.0,5.0,2.0
68,2022-04-03,2022-04-26,1.0,2.0,2.0,Bad Dürkheim,205.0,216.0,4994.0,2546.0,10.035166666666667,63.005,0.0,5.0,2.0
69,2022-04-26,2022-06-01,2.0,0.0,2.0,Bad Dürkheim,216.0,220.0,2546.0,756.0,16.4612972972973,60.211891891891895,0.0,5.0,2.0
70,2022-06-01,2022-06-17,0.0,0.0,2.0,Bad Dürkheim,220.0,222.0,756.0,1092.0,19.40658823529412,57.42823529411765,0.0,5.0,2.0
71,2022-06-17,2022-09-02,0.0,1.0,2.0,Bad Dürkheim,222.0,235.0,1092.0,673.0,22.236461538461537,51.98051282051282,0.0,5.0,2.0
72,2021-03-04,2021-03-18,7.0,6.0,0.0,Rhein-Lahn-Kreis,90.0,91.0,211.0,181.0,4.331466666666667,76.10933333333334,2.0,3.0,2.0
73,2021-03-18,2021-04-06,6.0,3.0,0.0,Rhein-Lahn-Kreis,91.0,92.0,181.0,248.0,7.059428571428571,65.69904761904762,2.0,3.0,2.0
74,2021-04-06,2021-04-23,3.0,6.0,0.0,Rhein-Lahn-Kreis,92.0,95.0,248.0,351.0,5.875333333333333,68.95777777777778,2.0,3.0,2.0
75,2021-04-23,2021-05-07,6.0,6.0,0.0,Rhein-Lahn-Kreis,95.0,96.0,351.0,240.0,8.157066666666667,62.0,2.0,3.0,2.0
76,2021-05-07,2021-06-01,6.0,7.0,0.0,Rhein-Lahn-Kreis,96.0,98.0,240.0,77.0,12.124769230769232,71.82153846153847,2.0,3.0,2.0
77,2021-06-01,2021-06-29,7.0,2.0,0.0,Rhein-Lahn-Kreis,98.0,98.0,77.0,23.0,19.842344827586206,69.91724137931034,2.0,3.0,2.0
78,2021-06-29,2021-08-02,2.0,2.0,1.0,Rhein-Lahn-Kreis,98.0,98.0,23.0,33.0,17.835314285714286,77.59885714285714,2.0,5.0,2.0
79,2021-08-02,2021-08-20,2.0,2.0,1.0,Rhein-Lahn-Kreis,98.0,98.0,33.0,76.0,17.12231578947368,78.41894736842106,2.0,5.0,2.0
80,2021-08-20,2021-09-07,2.0,3.0,1.0,Rhein-Lahn-Kreis,98.0,98.0,76.0,183.0,16.064631578947367,78.44421052631579,2.0,5.0,2.0
81,2021-09-07,2021-09-29,3.0,4.0,1.0,Rhein-Lahn-Kreis,98.0,99.0,183.0,132.0,14.802434782608694,81.11130434782609,0.0,5.0,2.0
82,2021-09-29,2021-10-23,4.0,3.0,1.0,Rhein-Lahn-Kreis,99.0,102.0,132.0,111.0,10.23168,82.5712,0.0,5.0,2.0
83,2021-10-23,2021-11-04,3.0,3.0,1.0,Rhein-Lahn-Kreis,102.0,102.0,111.0,195.0,8.062153846153846,90.18461538461538,0.0,5.0,2.0
84,2021-11-04,2021-11-19,3.0,4.0,1.0,Rhein-Lahn-Kreis,102.0,103.0,195.0,351.0,5.646,87.7675,0.0,5.0,2.0
85,2021-11-19,2021-12-13,4.0,8.0,1.0,Rhein-Lahn-Kreis,103.0,106.0,351.0,593.0,3.6001600000000007,85.9152,0.0,5.0,2.0
86,2021-12-13,2021-12-28,8.0,6.0,1.0,Rhein-Lahn-Kreis,106.0,107.0,593.0,392.0,3.56325,89.1,0.0,5.0,2.0
87,2021-12-28,2022-01-19,6.0,4.0,1.0,Rhein-Lahn-Kreis,107.0,110.0,392.0,1049.0,4.129090909090909,87.10909090909091,0.0,5.0,2.0
88,2022-01-19,2022-01-28,4.0,3.0,1.0,Rhein-Lahn-Kreis,110.0,111.0,1049.0,1986.0,2.9511999999999996,82.868,0.0,5.0,2.0
89,2022-01-28,2022-02-17,3.0,5.0,2.0,Rhein-Lahn-Kreis,111.0,113.0,1986.0,3243.0,5.305142857142857,77.45904761904762,0.0,5.0,2.0
90,2022-02-17,2022-03-18,5.0,3.0,2.0,Rhein-Lahn-Kreis,113.0,116.0,3243.0,4437.0,4.650933333333333,65.81466666666667,0.0,5.0,2.0
91,2022-03-18,2022-04-03,3.0,5.0,2.0,Rhein-Lahn-Kreis,116.0,116.0,4437.0,4081.0,7.412235294117647,62.32941176470588,0.0,5.0,2.0
92,2022-04-03,2022-04-26,5.0,3.0,2.0,Rhein-Lahn-Kreis,116.0,119.0,4081.0,2567.0,9.309833333333332,66.84666666666666,0.0,5.0,2.0
93,2022-04-26,2022-06-01,3.0,1.0,2.0,Rhein-Lahn-Kreis,119.0,121.0,2567.0,767.0,14.811675675675675,68.99243243243244,0.0,5.0,2.0
94,2022-06-01,2022-06-17,1.0,0.0,2.0,Rhein-Lahn-Kreis,121.0,121.0,767.0,1031.0,17.10188235294118,69.84705882352941,0.0,5.0,2.0
95,2022-06-17,2022-09-02,0.0,0.0,2.0,Rhein-Lahn-Kreis,121.0,123.0,1031.0,729.0,20.52092307692308,60.10102564102564,0.0,5.0,2.0
96,2021-03-04,2021-03-18,1.0,1.0,0.0,Südwestpfalz,63.0,69.0,89.0,180.0,3.7642666666666664,73.888,2.0,3.0,2.0
97,2021-03-18,2021-04-06,1.0,1.0,0.0,Südwestpfalz,69.0,71.0,180.0,163.0,7.492380952380953,61.481904761904765,2.0,3.0,2.0
98,2021-04-06,2021-04-23,1.0,0.0,0.0,Südwestpfalz,71.0,79.0,163.0,176.0,5.998666666666666,64.14222222222222,2.0,3.0,2.0
99,2021-04-23,2021-05-07,0.0,0.0,0.0,Südwestpfalz,79.0,82.0,176.0,162.0,8.433333333333334,60.64,2.0,3.0,2.0
100,2021-05-07,2021-06-01,0.0,1.0,0.0,Südwestpfalz,82.0,85.0,162.0,74.0,11.579076923076922,71.61846153846155,2.0,3.0,2.0
101,2021-06-01,2021-06-29,1.0,1.0,0.0,Südwestpfalz,85.0,85.0,74.0,3.0,19.371724137931036,71.36413793103448,2.0,3.0,2.0
102,2021-06-29,2021-08-02,1.0,0.0,1.0,Südwestpfalz,85.0,85.0,3.0,6.0,17.430857142857143,78.38742857142857,2.0,5.0,2.0
103,2021-08-02,2021-08-20,0.0,0.0,1.0,Südwestpfalz,85.0,85.0,6.0,20.0,17.327157894736843,79.49894736842106,2.0,5.0,2.0
104,2021-08-20,2021-09-07,0.0,0.0,1.0,Südwestpfalz,85.0,85.0,20.0,95.0,16.056,77.96842105263158,2.0,5.0,2.0
105,2021-09-07,2021-09-29,0.0,0.0,1.0,Südwestpfalz,85.0,88.0,95.0,60.0,15.670434782608696,78.9686956521739,0.0,5.0,2.0
106,2021-09-29,2021-10-23,0.0,0.0,1.0,Südwestpfalz,88.0,88.0,60.0,89.0,9.8632,84.672,0.0,5.0,2.0
107,2021-10-23,2021-11-04,0.0,0.0,1.0,Südwestpfalz,88.0,89.0,89.0,185.0,8.68123076923077,87.68923076923078,0.0,5.0,2.0
108,2021-11-04,2021-11-19,0.0,0.0,1.0,Südwestpfalz,89.0,92.0,185.0,467.0,4.601749999999999,93.965,0.0,5.0,2.0
109,2021-11-19,2021-12-13,0.0,2.0,1.0,Südwestpfalz,92.0,99.0,467.0,740.0,2.21936,91.92,0.0,5.0,2.0
110,2021-12-13,2021-12-28,2.0,1.0,1.0,Südwestpfalz,99.0,104.0,740.0,362.0,3.883,90.885,0.0,5.0,2.0
111,2021-12-28,2022-01-19,1.0,0.0,1.0,Südwestpfalz,104.0,108.0,362.0,444.0,3.3645454545454547,90.58727272727273,0.0,5.0,2.0
112,2022-01-19,2022-01-28,0.0,0.0,1.0,Südwestpfalz,108.0,108.0,444.0,1046.0,0.6636,91.796,0.0,5.0,2.0
113,2022-01-28,2022-02-17,0.0,0.0,2.0,Südwestpfalz,108.0,112.0,1046.0,2268.0,4.347428571428571,85.78857142857143,0.0,5.0,2.0
114,2022-02-17,2022-03-18,0.0,0.0,2.0,Südwestpfalz,112.0,122.0,2268.0,2649.0,5.1458666666666675,65.13733333333333,0.0,5.0,2.0
115,2022-03-18,2022-04-03,0.0,0.0,2.0,Südwestpfalz,122.0,124.0,2649.0,3037.0,8.195058823529411,58.792941176470585,0.0,5.0,2.0
116,2022-04-03,2022-04-26,0.0,0.0,2.0,Südwestpfalz,124.0,131.0,3037.0,2437.0,9.072166666666666,66.48,0.0,5.0,2.0
117,2022-04-26,2022-06-01,0.0,0.0,2.0,Südwestpfalz,131.0,139.0,2437.0,632.0,14.800108108108107,63.895135135135135,0.0,5.0,2.0
118,2022-06-01,2022-06-17,0.0,0.0,2.0,Südwestpfalz,139.0,140.0,632.0,898.0,17.768470588235292,63.00235294117647,0.0,5.0,2.0
119,2022-06-17,2022-09-02,0.0,0.0,2.0,Südwestpfalz,140.0,146.0,898.0,712.0,20.953692307692307,56.316923076923075,0.0,5.0,2.0
120,2021-03-04,2021-03-18,1.0,0.0,0.0,Birkenfeld,80.0,81.0,149.0,101.0,3.0509333333333335,77.168,2.0,3.0,2.0
121,2021-03-18,2021-04-06,0.0,1.0,0.0,Birkenfeld,81.0,82.0,101.0,192.0,6.335619047619048,65.60571428571428,2.0,3.0,2.0
122,2021-04-06,2021-04-23,1.0,2.0,0.0,Birkenfeld,82.0,84.0,192.0,264.0,4.762,70.41111111111111,2.0,3.0,2.0
123,2021-04-23,2021-05-07,2.0,5.0,0.0,Birkenfeld,84.0,87.0,264.0,279.0,7.231733333333333,62.4,2.0,3.0,2.0
124,2021-05-07,2021-06-01,5.0,0.0,0.0,Birkenfeld,87.0,92.0,279.0,106.0,10.536307692307691,75.32615384615384,2.0,3.0,2.0
125,2021-06-01,2021-06-29,0.0,0.0,0.0,Birkenfeld,92.0,92.0,106.0,14.0,18.079862068965518,75.65241379310345,2.0,3.0,2.0
126,2021-06-29,2021-08-02,0.0,0.0,1.0,Birkenfeld,92.0,92.0,14.0,45.0,16.498742857142858,81.39885714285714,2.0,5.0,2.0
127,2021-08-02,2021-08-20,0.0,0.0,1.0,Birkenfeld,92.0,92.0,45.0,75.0,16.278947368421054,80.90736842105264,2.0,5.0,2.0
128,2021-08-20,2021-09-07,0.0,1.0,1.0,Birkenfeld,92.0,92.0,75.0,198.0,15.259368421052631,80.3242105263158,2.0,5.0,2.0
129,2021-09-07,2021-09-29,1.0,3.0,1.0,Birkenfeld,92.0,92.0,198.0,222.0,14.142782608695653,82.58260869565217,0.0,5.0,2.0
130,2021-09-29,2021-10-23,3.0,0.0,1.0,Birkenfeld,92.0,94.0,222.0,148.0,9.044,83.9264,0.0,5.0,2.0
131,2021-10-23,2021-11-04,0.0,1.0,1.0,Birkenfeld,94.0,97.0,148.0,151.0,7.182153846153845,91.43076923076923,0.0,5.0,2.0
132,2021-11-04,2021-11-19,1.0,1.0,1.0,Birkenfeld,97.0,99.0,151.0,366.0,4.16925,92.2,0.0,5.0,2.0
133,2021-11-19,2021-12-13,1.0,4.0,1.0,Birkenfeld,99.0,108.0,366.0,441.0,2.2740799999999997,90.3632,0.0,5.0,2.0
134,2021-12-13,2021-12-28,4.0,5.0,1.0,Birkenfeld,108.0,116.0,441.0,253.0,2.8532500000000005,92.1575,0.0,5.0,2.0
135,2021-12-28,2022-01-19,5.0,0.0,1.0,Birkenfeld,116.0,121.0,253.0,794.0,2.937818181818182,91.33272727272727,0.0,5.0,2.0
136,2022-01-19,2022-01-28,0.0,2.0,1.0,Birkenfeld,121.0,121.0,794.0,1486.0,0.964,88.512,0.0,5.0,2.0
137,2022-01-28,2022-02-17,2.0,1.0,2.0,Birkenfeld,121.0,122.0,1486.0,1952.0,4.150666666666666,82.98095238095237,0.0,5.0,2.0
138,2022-02-17,2022-03-18,1.0,2.0,2.0,Birkenfeld,122.0,141.0,1952.0,3048.0,3.3276,69.86666666666666,0.0,5.0,2.0
139,2022-03-18,2022-04-03,2.0,1.0,2.0,Birkenfeld,141.0,145.0,3048.0,3438.0,6.5489411764705885,63.5035294117647,0.0,5.0,2.0
140,2022-04-03,2022-04-26,1.0,1.0,2.0,Birkenfeld,145.0,146.0,3438.0,2139.0,7.9325,67.83166666666666,0.0,5.0,2.0
141,2022-04-26,2022-06-01,1.0,0.0,2.0,Birkenfeld,146.0,152.0,2139.0,383.0,13.701297297297298,67.39783783783784,0.0,5.0,2.0
142,2022-06-01,2022-06-17,0.0,0.0,2.0,Birkenfeld,152.0,152.0,383.0,672.0,16.491529411764706,65.69882352941177,0.0,5.0,2.0
143,2022-06-17,2022-09-02,0.0,0.0,2.0,Birkenfeld,152.0,165.0,672.0,530.0,19.67328205128205,57.80102564102564,0.0,5.0,2.0
144,2021-03-04,2021-03-18,9.0,4.0,0.0,Koblenz,112.0,116.0,119.0,136.0,4.710666666666667,76.624,2.0,3.0,2.0
145,2021-03-18,2021-04-06,4.0,11.0,0.0,Koblenz,116.0,119.0,136.0,279.0,7.691047619047619,67.70666666666666,2.0,3.0,2.0
146,2021-04-06,2021-04-23,11.0,14.0,0.0,Koblenz,119.0,128.0,279.0,392.0,6.715333333333334,69.38222222222223,2.0,3.0,2.0
147,2021-04-23,2021-05-07,14.0,12.0,0.0,Koblenz,128.0,128.0,392.0,327.0,9.126133333333334,60.053333333333335,2.0,3.0,2.0
148,2021-05-07,2021-06-01,12.0,4.0,0.0,Koblenz,128.0,137.0,327.0,70.0,12.772153846153845,71.37230769230769,2.0,3.0,2.0
149,2021-06-01,2021-06-29,4.0,0.0,0.0,Koblenz,137.0,154.0,70.0,15.0,20.115448275862068,68.24275862068966,2.0,3.0,2.0
150,2021-06-29,2021-08-02,0.0,1.0,1.0,Koblenz,154.0,154.0,15.0,36.0,18.324457142857142,77.05828571428572,2.0,5.0,2.0
151,2021-08-02,2021-08-20,1.0,2.0,1.0,Koblenz,154.0,154.0,36.0,151.0,17.73915789473684,77.28631578947369,2.0,5.0,2.0
152,2021-08-20,2021-09-07,2.0,5.0,1.0,Koblenz,154.0,154.0,151.0,357.0,17.018526315789472,78.56421052631579,2.0,5.0,2.0
153,2021-09-07,2021-09-29,5.0,1.0,1.0,Koblenz,154.0,158.0,357.0,104.0,15.89913043478261,78.52347826086957,0.0,5.0,2.0
154,2021-09-29,2021-10-23,1.0,6.0,1.0,Koblenz,158.0,159.0,104.0,100.0,10.732,82.9392,0.0,5.0,2.0
155,2021-10-23,2021-11-04,6.0,9.0,1.0,Koblenz,159.0,161.0,100.0,181.0,8.82676923076923,87.93230769230769,0.0,5.0,2.0
156,2021-11-04,2021-11-19,9.0,11.0,1.0,Koblenz,161.0,165.0,181.0,314.0,6.0865,89.2225,0.0,5.0,2.0
157,2021-11-19,2021-12-13,11.0,9.0,1.0,Koblenz,165.0,169.0,314.0,568.0,4.29728,85.6592,0.0,5.0,2.0
158,2021-12-13,2021-12-28,9.0,9.0,1.0,Koblenz,169.0,171.0,568.0,487.0,4.327999999999999,89.6225,0.0,5.0,2.0
159,2021-12-28,2022-01-19,9.0,5.0,1.0,Koblenz,171.0,177.0,487.0,1397.0,4.965636363636363,86.79636363636364,0.0,5.0,2.0
160,2022-01-19,2022-01-28,5.0,6.0,1.0,Koblenz,177.0,178.0,1397.0,2028.0,3.968,82.012,0.0,5.0,2.0
161,2022-01-28,2022-02-17,6.0,17.0,2.0,Koblenz,178.0,179.0,2028.0,3521.0,5.999428571428571,78.13333333333334,0.0,5.0,2.0
162,2022-02-17,2022-03-18,17.0,6.0,2.0,Koblenz,179.0,181.0,3521.0,4444.0,5.131866666666666,68.448,0.0,5.0,2.0
163,2022-03-18,2022-04-03,6.0,12.0,2.0,Koblenz,181.0,183.0,4444.0,4565.0,8.14870588235294,65.33411764705882,0.0,5.0,2.0
164,2022-04-03,2022-04-26,12.0,4.0,2.0,Koblenz,183.0,184.0,4565.0,2472.0,10.065333333333333,66.09666666666666,0.0,5.0,2.0
165,2022-04-26,2022-06-01,4.0,4.0,2.0,Koblenz,184.0,185.0,2472.0,711.0,15.335567567567566,66.11135135135135,0.0,5.0,2.0
166,2022-06-01,2022-06-17,4.0,2.0,2.0,Koblenz,185.0,187.0,711.0,1326.0,18.005647058823527,64.3435294117647,0.0,5.0,2.0
167,2022-06-17,2022-09-02,2.0,1.0,2.0,Koblenz,187.0,189.0,1326.0,666.0,21.066871794871794,57.99589743589743,0.0,5.0,2.0
168,2021-03-04,2021-03-18,5.0,7.0,0.0,Neuwied,100.0,104.0,285.0,352.0,3.2869333333333333,79.008,2.0,3.0,2.0
169,2021-03-18,2021-04-06,7.0,11.0,0.0,Neuwied,104.0,106.0,352.0,682.0,6.994285714285715,66.56761904761905,2.0,3.0,2.0
170,2021-04-06,2021-04-23,11.0,9.0,0.0,Neuwied,106.0,114.0,682.0,733.0,5.057555555555556,71.7088888888889,2.0,3.0,2.0
171,2021-04-23,2021-05-07,9.0,10.0,0.0,Neuwied,114.0,118.0,733.0,567.0,7.496266666666666,61.666666666666664,2.0,3.0,2.0
172,2021-05-07,2021-06-01,10.0,4.0,0.0,Neuwied,118.0,126.0,567.0,157.0,11.391230769230768,73.86923076923077,2.0,3.0,2.0
173,2021-06-01,2021-06-29,4.0,0.0,0.0,Neuwied,126.0,192.0,157.0,28.0,18.84110344827586,71.79034482758621,2.0,3.0,2.0
174,2021-06-29,2021-08-02,0.0,1.0,1.0,Neuwied,192.0,194.0,28.0,85.0,17.011314285714285,80.68342857142858,2.0,5.0,2.0
175,2021-08-02,2021-08-20,1.0,3.0,1.0,Neuwied,194.0,194.0,85.0,167.0,16.349894736842106,81.88,2.0,5.0,2.0
176,2021-08-20,2021-09-07,3.0,1.0,1.0,Neuwied,194.0,195.0,167.0,408.0,15.852421052631579,81.04,2.0,5.0,2.0
177,2021-09-07,2021-09-29,1.0,4.0,1.0,Neuwied,195.0,195.0,408.0,285.0,15.32121739130435,79.64347826086957,0.0,5.0,2.0
178,2021-09-29,2021-10-23,4.0,2.0,1.0,Neuwied,195.0,197.0,285.0,298.0,9.848320000000001,84.976,0.0,5.0,2.0
179,2021-10-23,2021-11-04,2.0,6.0,1.0,Neuwied,197.0,198.0,298.0,421.0,8.372307692307693,88.91692307692308,0.0,5.0,2.0
180,2021-11-04,2021-11-19,6.0,6.0,1.0,Neuwied,198.0,202.0,421.0,678.0,5.28775,92.23,0.0,5.0,2.0
181,2021-11-19,2021-12-13,6.0,7.0,1.0,Neuwied,202.0,207.0,678.0,1214.0,2.84608,92.072,0.0,5.0,2.0
182,2021-12-13,2021-12-28,7.0,9.0,1.0,Neuwied,207.0,215.0,1214.0,797.0,3.4152500000000003,91.83,0.0,5.0,2.0
183,2021-12-28,2022-01-19,9.0,6.0,1.0,Neuwied,215.0,219.0,797.0,1180.0,3.576909090909091,92.80545454545455,0.0,5.0,2.0
184,2022-01-19,2022-01-28,6.0,3.0,1.0,Neuwied,219.0,223.0,1180.0,2461.0,1.9667999999999999,91.212,0.0,5.0,2.0
185,2022-01-28,2022-02-17,3.0,4.0,2.0,Neuwied,223.0,229.0,2461.0,4841.0,4.631238095238095,82.62476190476191,0.0,5.0,2.0
186,2022-02-17,2022-03-18,4.0,5.0,2.0,Neuwied,229.0,233.0,4841.0,5541.0,4.8755999999999995,64.42933333333333,0.0,5.0,2.0
187,2022-03-18,2022-04-03,5.0,3.0,2.0,Neuwied,233.0,234.0,5541.0,5693.0,7.862117647058823,58.141176470588235,0.0,5.0,2.0
188,2022-04-03,2022-04-26,3.0,4.0,2.0,Neuwied,234.0,241.0,5693.0,3298.0,8.930833333333334,63.995,0.0,5.0,2.0
189,2022-04-26,2022-06-01,4.0,0.0,2.0,Neuwied,241.0,259.0,3298.0,839.0,13.91556756756757,66.88324324324324,0.0,5.0,2.0
190,2022-06-01,2022-06-17,0.0,2.0,2.0,Neuwied,259.0,259.0,839.0,1561.0,16.518117647058826,68.4164705882353,0.0,5.0,2.0
191,2022-06-17,2022-09-02,2.0,0.0,2.0,Neuwied,259.0,266.0,1561.0,802.0,19.86635897435897,59.53333333333333,0.0,5.0,2.0
192,2021-03-04,2021-03-18,2.0,1.0,0.0,Bad Kreuznach,120.0,122.0,165.0,116.0,5.3453333333333335,70.90666666666667,2.0,3.0,2.0
193,2021-03-18,2021-04-06,1.0,4.0,0.0,Bad Kreuznach,122.0,127.0,116.0,266.0,8.468,61.794285714285714,2.0,3.0,2.0
194,2021-04-06,2021-04-23,4.0,2.0,0.0,Bad Kreuznach,127.0,130.0,266.0,435.0,7.229777777777777,64.63111111111111,2.0,3.0,2.0
195,2021-04-23,2021-05-07,2.0,3.0,0.0,Bad Kreuznach,130.0,134.0,435.0,489.0,9.479733333333332,59.27466666666667,2.0,3.0,2.0
196,2021-05-07,2021-06-01,3.0,0.0,0.0,Bad Kreuznach,134.0,141.0,489.0,171.0,13.191999999999998,68.76769230769231,2.0,3.0,2.0
197,2021-06-01,2021-06-29,0.0,0.0,0.0,Bad Kreuznach,141.0,142.0,171.0,40.0,20.944137931034483,67.68,2.0,3.0,2.0
198,2021-06-29,2021-08-02,0.0,0.0,1.0,Bad Kreuznach,142.0,142.0,40.0,51.0,19.309600000000003,72.82628571428572,2.0,5.0,2.0
199,2021-08-02,2021-08-20,0.0,2.0,1.0,Bad Kreuznach,142.0,142.0,51.0,119.0,18.994947368421048,72.53263157894737,2.0,5.0,2.0
200,2021-08-20,2021-09-07,2.0,0.0,1.0,Bad Kreuznach,142.0,143.0,119.0,293.0,17.690315789473683,72.2,2.0,5.0,2.0
201,2021-09-07,2021-09-29,0.0,2.0,1.0,Bad Kreuznach,143.0,143.0,293.0,252.0,16.715999999999998,73.94956521739131,0.0,5.0,2.0
202,2021-09-29,2021-10-23,2.0,0.0,1.0,Bad Kreuznach,143.0,145.0,252.0,154.0,11.030560000000001,77.8944,0.0,5.0,2.0
203,2021-10-23,2021-11-04,0.0,1.0,1.0,Bad Kreuznach,145.0,148.0,154.0,267.0,8.117846153846154,88.11384615384615,0.0,5.0,2.0
204,2021-11-04,2021-11-19,1.0,2.0,1.0,Bad Kreuznach,148.0,149.0,267.0,534.0,6.32675,84.4125,0.0,5.0,2.0
205,2021-11-19,2021-12-13,2.0,4.0,1.0,Bad Kreuznach,149.0,153.0,534.0,725.0,4.080707395498392,82.94694533762058,0.0,5.0,2.0
206,2021-12-13,2021-12-28,4.0,4.0,1.0,Bad Kreuznach,153.0,154.0,725.0,503.0,4.344,85.5975,0.0,5.0,2.0
207,2021-12-28,2022-01-19,4.0,2.0,1.0,Bad Kreuznach,154.0,154.0,503.0,1849.0,4.89290909090909,86.38363636363637,0.0,5.0,2.0
208,2022-01-19,2022-01-28,2.0,3.0,1.0,Bad Kreuznach,154.0,155.0,1849.0,3571.0,3.3788,80.892,0.0,5.0,2.0
209,2022-01-28,2022-02-17,3.0,4.0,2.0,Bad Kreuznach,155.0,158.0,3571.0,4498.0,6.151428571428571,76.31428571428572,0.0,5.0,2.0
210,2022-02-17,2022-03-18,4.0,3.0,2.0,Bad Kreuznach,158.0,160.0,4498.0,6676.0,5.265066666666667,66.08933333333333,0.0,5.0,2.0
211,2022-03-18,2022-04-03,3.0,3.0,2.0,Bad Kreuznach,160.0,162.0,6676.0,6516.0,8.509411764705883,60.09647058823529,0.0,5.0,2.0
212,2022-04-03,2022-04-26,3.0,1.0,2.0,Bad Kreuznach,162.0,175.0,6516.0,4044.0,10.2225,63.735,0.0,5.0,2.0
213,2022-04-26,2022-06-01,1.0,0.0,2.0,Bad Kreuznach,175.0,195.0,4044.0,1179.0,16.247567567567568,62.52540540540541,0.0,5.0,2.0
214,2022-06-01,2022-06-17,0.0,1.0,2.0,Bad Kreuznach,195.0,195.0,1179.0,1655.0,19.170117647058827,60.61882352941176,0.0,5.0,2.0
215,2022-06-17,2022-09-02,1.0,2.0,2.0,Bad Kreuznach,195.0,222.0,1655.0,1186.0,22.14661538461538,54.28820512820513,0.0,5.0,2.0
216,2021-03-04,2021-03-18,0.0,2.0,0.0,Kaiserslautern (Stadt),84.0,87.0,52.0,71.0,4.065600000000001,73.18933333333334,2.0,3.0,2.0
217,2021-03-18,2021-04-06,2.0,0.0,0.0,Kaiserslautern (Stadt),87.0,99.0,71.0,107.0,7.337333333333334,62.801904761904765,2.0,3.0,2.0
218,2021-04-06,2021-04-23,0.0,1.0,0.0,Kaiserslautern (Stadt),99.0,103.0,107.0,339.0,5.9959999999999996,65.49555555555555,2.0,3.0,2.0
219,2021-04-23,2021-05-07,1.0,0.0,0.0,Kaiserslautern (Stadt),103.0,108.0,339.0,350.0,8.529866666666667,60.437333333333335,2.0,3.0,2.0
220,2021-05-07,2021-06-01,0.0,1.0,0.0,Kaiserslautern (Stadt),108.0,113.0,350.0,156.0,12.033999999999999,71.58307692307692,2.0,3.0,2.0
221,2021-06-01,2021-06-29,1.0,0.0,0.0,Kaiserslautern (Stadt),113.0,116.0,156.0,25.0,19.627724137931036,72.07034482758621,2.0,3.0,2.0
222,2021-06-29,2021-08-02,0.0,0.0,1.0,Kaiserslautern (Stadt),116.0,116.0,25.0,79.0,18.07462857142857,76.62285714285714,2.0,5.0,2.0
223,2021-08-02,2021-08-20,0.0,0.0,1.0,Kaiserslautern (Stadt),116.0,115.0,79.0,104.0,18.024,76.00631578947369,2.0,5.0,2.0
224,2021-08-20,2021-09-07,0.0,0.0,1.0,Kaiserslautern (Stadt),115.0,115.0,104.0,146.0,16.33452631578947,78.26947368421052,2.0,5.0,2.0
225,2021-09-07,2021-09-29,0.0,0.0,1.0,Kaiserslautern (Stadt),115.0,117.0,146.0,222.0,15.580695652173912,78.94434782608695,0.0,5.0,2.0
226,2021-09-29,2021-10-23,0.0,1.0,1.0,Kaiserslautern (Stadt),117.0,120.0,222.0,137.0,10.01216,82.9104,0.0,5.0,2.0
227,2021-10-23,2021-11-04,1.0,0.0,1.0,Kaiserslautern (Stadt),120.0,121.0,137.0,131.0,8.372307692307693,86.29230769230769,0.0,5.0,2.0
228,2021-11-04,2021-11-19,0.0,1.0,1.0,Kaiserslautern (Stadt),121.0,123.0,131.0,355.0,4.9675,90.3575,0.0,5.0,2.0
229,2021-11-19,2021-12-13,1.0,1.0,1.0,Kaiserslautern (Stadt),123.0,128.0,355.0,851.0,3.0801600000000007,87.0992,0.0,5.0,2.0
230,2021-12-13,2021-12-28,1.0,0.0,1.0,Kaiserslautern (Stadt),128.0,142.0,851.0,684.0,3.8972499999999997,88.7525,0.0,5.0,2.0
231,2021-12-28,2022-01-19,0.0,0.0,1.0,Kaiserslautern (Stadt),142.0,155.0,684.0,1553.0,3.780181818181818,88.09636363636363,0.0,5.0,2.0
232,2022-01-19,2022-01-28,0.0,0.0,1.0,Kaiserslautern (Stadt),155.0,161.0,1553.0,2463.0,1.5876000000000001,86.0,0.0,5.0,2.0
233,2022-01-28,2022-02-17,0.0,0.0,2.0,Kaiserslautern (Stadt),161.0,166.0,2463.0,2931.0,5.157333333333334,79.94857142857143,0.0,5.0,2.0
234,2022-02-17,2022-03-18,0.0,1.0,2.0,Kaiserslautern (Stadt),166.0,178.0,2931.0,3517.0,4.701466666666666,67.08533333333334,0.0,5.0,2.0
235,2022-03-18,2022-04-03,1.0,0.0,2.0,Kaiserslautern (Stadt),178.0,183.0,3517.0,4166.0,7.394352941176471,63.27529411764706,0.0,5.0,2.0
236,2022-04-03,2022-04-26,0.0,1.0,2.0,Kaiserslautern (Stadt),183.0,199.0,4166.0,2459.0,8.968833333333334,67.025,0.0,5.0,2.0
237,2022-04-26,2022-06-01,1.0,1.0,2.0,Kaiserslautern (Stadt),199.0,223.0,2459.0,701.0,15.096216216216217,65.76,0.0,5.0,2.0
238,2022-06-01,2022-06-17,1.0,0.0,2.0,Kaiserslautern (Stadt),223.0,224.0,701.0,790.0,18.33435294117647,61.63058823529412,0.0,5.0,2.0
239,2022-06-17,2022-09-02,0.0,0.0,2.0,Kaiserslautern (Stadt),224.0,242.0,790.0,625.0,21.045897435897437,57.206153846153846,0.0,5.0,2.0
240,2021-03-04,2021-03-18,4.0,3.0,0.0,Ahrweiler,45.0,46.0,219.0,239.0,4.806133333333334,73.80533333333334,2.0,3.0,2.0
241,2021-03-18,2021-04-06,3.0,4.0,0.0,Ahrweiler,46.0,46.0,239.0,229.0,7.810476190476191,65.8247619047619,2.0,3.0,2.0
242,2021-04-06,2021-04-23,4.0,4.0,0.0,Ahrweiler,46.0,48.0,229.0,328.0,6.315777777777779,69.06888888888889,2.0,3.0,2.0
243,2021-04-23,2021-05-07,4.0,4.0,0.0,Ahrweiler,48.0,48.0,328.0,308.0,8.652800000000001,59.669333333333334,2.0,3.0,2.0
244,2021-05-07,2021-06-01,4.0,2.0,0.0,Ahrweiler,48.0,51.0,308.0,125.0,12.695538461538462,69.12769230769231,2.0,3.0,2.0
245,2021-06-01,2021-06-29,2.0,0.0,0.0,Ahrweiler,51.0,52.0,125.0,17.0,19.65820689655172,70.4151724137931,2.0,3.0,2.0
246,2021-06-29,2021-08-02,0.0,0.0,1.0,Ahrweiler,52.0,52.0,17.0,92.0,17.257714285714286,80.10057142857143,2.0,5.0,2.0
247,2021-08-02,2021-08-20,0.0,0.0,1.0,Ahrweiler,52.0,53.0,92.0,88.0,15.492842105263156,83.28842105263158,2.0,5.0,2.0
248,2021-08-20,2021-09-07,0.0,0.0,1.0,Ahrweiler,53.0,55.0,88.0,428.0,14.567999999999998,86.47157894736841,2.0,5.0,2.0
249,2021-09-07,2021-09-29,0.0,0.0,1.0,Ahrweiler,55.0,58.0,428.0,231.0,14.104521739130433,84.38434782608695,0.0,5.0,2.0
250,2021-09-29,2021-10-23,0.0,0.0,1.0,Ahrweiler,58.0,60.0,231.0,197.0,8.9624,87.6816,0.0,5.0,2.0
251,2021-10-23,2021-11-04,0.0,0.0,1.0,Ahrweiler,60.0,63.0,197.0,267.0,8.018153846153847,88.55076923076923,0.0,5.0,2.0
252,2021-11-04,2021-11-19,0.0,2.0,1.0,Ahrweiler,63.0,68.0,267.0,447.0,5.526,88.7175,0.0,5.0,2.0
253,2021-11-19,2021-12-13,2.0,4.0,1.0,Ahrweiler,68.0,73.0,447.0,624.0,4.6552,80.8976,0.0,5.0,2.0
254,2021-12-13,2021-12-28,4.0,2.0,1.0,Ahrweiler,73.0,81.0,624.0,420.0,4.8027500000000005,85.625,0.0,5.0,2.0
255,2021-12-28,2022-01-19,2.0,2.0,1.0,Ahrweiler,81.0,82.0,420.0,1050.0,5.139090909090909,82.7909090909091,0.0,5.0,2.0
256,2022-01-19,2022-01-28,2.0,2.0,1.0,Ahrweiler,82.0,82.0,1050.0,1789.0,3.866,79.836,0.0,5.0,2.0
257,2022-01-28,2022-02-17,2.0,0.0,2.0,Ahrweiler,82.0,83.0,1789.0,3078.0,6.520190476190477,73.5447619047619,0.0,5.0,2.0
258,2022-02-17,2022-03-18,0.0,2.0,2.0,Ahrweiler,83.0,89.0,3078.0,4596.0,5.421866666666667,66.03866666666667,0.0,5.0,2.0
259,2022-03-18,2022-04-03,2.0,1.0,2.0,Ahrweiler,89.0,90.0,4596.0,4057.0,7.9061176470588235,64.0070588235294,0.0,5.0,2.0
260,2022-04-03,2022-04-26,1.0,1.0,2.0,Ahrweiler,90.0,92.0,4057.0,1986.0,9.897833333333331,64.87,0.0,5.0,2.0
261,2022-04-26,2022-06-01,1.0,0.0,2.0,Ahrweiler,92.0,97.0,1986.0,650.0,14.912972972972973,66.30054054054054,0.0,5.0,2.0
262,2022-06-01,2022-06-17,0.0,0.0,2.0,Ahrweiler,97.0,101.0,650.0,1247.0,17.548,66.58823529411765,0.0,5.0,2.0
263,2022-06-17,2022-09-02,0.0,0.0,2.0,Ahrweiler,101.0,113.0,1247.0,574.0,20.366666666666667,60.83179487179487,0.0,5.0,2.0
264,2021-03-04,2021-03-18,1.0,0.0,0.0,Vulkaneifel,56.0,56.0,88.0,55.0,1.9781333333333333,82.44,2.0,3.0,2.0
265,2021-03-18,2021-04-06,0.0,2.0,0.0,Vulkaneifel,56.0,57.0,55.0,136.0,5.720952380952381,69.36571428571429,2.0,3.0,2.0
266,2021-04-06,2021-04-23,2.0,2.0,0.0,Vulkaneifel,57.0,58.0,136.0,151.0,3.7542222222222223,73.99777777777778,2.0,3.0,2.0
267,2021-04-23,2021-05-07,2.0,2.0,0.0,Vulkaneifel,58.0,59.0,151.0,84.0,6.154399999999999,63.589333333333336,2.0,3.0,2.0
268,2021-05-07,2021-06-01,2.0,0.0,0.0,Vulkaneifel,59.0,61.0,84.0,63.0,10.236461538461539,73.98461538461538,2.0,3.0,2.0
269,2021-06-01,2021-06-29,0.0,0.0,0.0,Vulkaneifel,61.0,61.0,63.0,14.0,17.457103448275863,73.87034482758621,2.0,3.0,2.0
270,2021-06-29,2021-08-02,0.0,1.0,1.0,Vulkaneifel,61.0,61.0,14.0,14.0,16.204118993135012,81.65102974828375,2.0,5.0,2.0
271,2021-08-02,2021-08-20,1.0,1.0,1.0,Vulkaneifel,61.0,61.0,14.0,27.0,15.492842105263156,83.28842105263158,2.0,5.0,2.0
272,2021-08-20,2021-09-07,1.0,0.0,1.0,Vulkaneifel,61.0,61.0,27.0,67.0,14.567999999999998,86.47157894736841,2.0,5.0,2.0
273,2021-09-07,2021-09-29,0.0,0.0,1.0,Vulkaneifel,61.0,61.0,67.0,39.0,14.104521739130433,84.38434782608695,0.0,5.0,2.0
274,2021-09-29,2021-10-23,0.0,0.0,1.0,Vulkaneifel,61.0,62.0,39.0,86.0,8.9624,87.6816,0.0,5.0,2.0
275,2021-10-23,2021-11-04,0.0,1.0,1.0,Vulkaneifel,62.0,62.0,86.0,116.0,8.018153846153847,88.55076923076923,0.0,5.0,2.0
276,2021-11-04,2021-11-19,1.0,3.0,1.0,Vulkaneifel,62.0,63.0,116.0,195.0,4.636750000000001,92.805,0.0,5.0,2.0
277,2021-11-19,2021-12-13,3.0,1.0,1.0,Vulkaneifel,63.0,66.0,195.0,288.0,1.9121599999999999,93.9904,0.0,5.0,2.0
278,2021-12-13,2021-12-28,1.0,1.0,1.0,Vulkaneifel,66.0,68.0,288.0,219.0,3.0667500000000003,94.025,0.0,5.0,2.0
279,2021-12-28,2022-01-19,1.0,1.0,1.0,Vulkaneifel,68.0,71.0,219.0,364.0,2.6380000000000003,93.38545454545455,0.0,5.0,2.0
280,2022-01-19,2022-01-28,1.0,0.0,1.0,Vulkaneifel,71.0,71.0,364.0,642.0,0.6195999999999999,89.08,0.0,5.0,2.0
281,2022-01-28,2022-02-17,0.0,0.0,2.0,Vulkaneifel,71.0,72.0,642.0,1255.0,3.5822857142857143,83.78285714285714,0.0,5.0,2.0
282,2022-02-17,2022-03-18,0.0,4.0,2.0,Vulkaneifel,72.0,76.0,1255.0,3216.0,3.967733333333334,65.67066666666666,0.0,5.0,2.0
283,2022-03-18,2022-04-03,4.0,1.0,2.0,Vulkaneifel,76.0,77.0,3216.0,3356.0,6.167999999999999,64.28,0.0,5.0,2.0
284,2022-04-03,2022-04-26,1.0,1.0,2.0,Vulkaneifel,77.0,84.0,3356.0,2088.0,7.717166666666666,67.59,0.0,5.0,2.0
285,2022-04-26,2022-06-01,1.0,1.0,2.0,Vulkaneifel,84.0,88.0,2088.0,518.0,12.879351351351351,67.5308108108108,0.0,5.0,2.0
286,2022-06-01,2022-06-17,1.0,0.0,2.0,Vulkaneifel,88.0,89.0,518.0,1010.0,15.700941176470588,67.48705882352941,0.0,5.0,2.0
287,2022-06-17,2022-09-02,0.0,0.0,2.0,Vulkaneifel,89.0,95.0,1010.0,422.0,18.673128205128208,61.43333333333333,0.0,5.0,2.0
288,2021-03-04,2021-03-18,0.0,0.0,0.0,Mainz-Bingen,183.0,191.0,180.0,206.0,5.089066666666667,72.21866666666666,2.0,3.0,2.0
289,2021-03-18,2021-04-06,0.0,1.0,0.0,Mainz-Bingen,191.0,200.0,206.0,386.0,8.175809523809523,63.46095238095238,2.0,3.0,2.0
290,2021-04-06,2021-04-23,1.0,3.0,0.0,Mainz-Bingen,200.0,203.0,386.0,621.0,7.131333333333333,65.30888888888889,2.0,3.0,2.0
291,2021-04-23,2021-05-07,3.0,2.0,0.0,Mainz-Bingen,203.0,206.0,621.0,469.0,9.343200000000001,59.272,2.0,3.0,2.0
292,2021-05-07,2021-06-01,2.0,1.0,0.0,Mainz-Bingen,206.0,216.0,469.0,201.0,12.834461538461538,69.62615384615384,2.0,3.0,2.0
293,2021-06-01,2021-06-29,1.0,0.0,0.0,Mainz-Bingen,216.0,218.0,201.0,49.0,20.75903448275862,66.96413793103449,2.0,3.0,2.0
294,2021-06-29,2021-08-02,0.0,0.0,1.0,Mainz-Bingen,218.0,218.0,49.0,60.0,18.92502857142857,74.36114285714285,2.0,5.0,2.0
295,2021-08-02,2021-08-20,0.0,0.0,1.0,Mainz-Bingen,218.0,219.0,60.0,93.0,18.461684210526315,74.56,2.0,5.0,2.0
296,2021-08-20,2021-09-07,0.0,0.0,1.0,Mainz-Bingen,219.0,224.0,93.0,371.0,17.836210526315792,72.21473684210527,2.0,5.0,2.0
297,2021-09-07,2021-09-29,0.0,0.0,1.0,Mainz-Bingen,224.0,228.0,371.0,282.0,16.407478260869567,77.02608695652174,0.0,5.0,2.0
298,2021-09-29,2021-10-23,0.0,0.0,1.0,Mainz-Bingen,228.0,228.0,282.0,220.0,10.849280000000002,81.4496,0.0,5.0,2.0
299,2021-10-23,2021-11-04,0.0,0.0,1.0,Mainz-Bingen,228.0,228.0,220.0,396.0,8.08,90.96615384615384,0.0,5.0,2.0
300,2021-11-04,2021-11-19,0.0,0.0,1.0,Mainz-Bingen,228.0,233.0,396.0,662.0,6.020999999999999,88.8825,0.0,5.0,2.0
301,2021-11-19,2021-12-13,0.0,0.0,1.0,Mainz-Bingen,233.0,242.0,662.0,873.0,4.07632,84.7872,0.0,5.0,2.0
302,2021-12-13,2021-12-28,0.0,2.0,1.0,Mainz-Bingen,242.0,249.0,873.0,574.0,4.344,85.5975,0.0,5.0,2.0
303,2021-12-28,2022-01-19,2.0,1.0,1.0,Mainz-Bingen,249.0,257.0,574.0,2372.0,4.768545454545454,85.45272727272727,0.0,5.0,2.0
304,2022-01-19,2022-01-28,1.0,2.0,1.0,Mainz-Bingen,257.0,257.0,2372.0,4320.0,3.3892,79.996,0.0,5.0,2.0
305,2022-01-28,2022-02-17,2.0,0.0,2.0,Mainz-Bingen,257.0,262.0,4320.0,5704.0,5.842666666666667,75.36,0.0,5.0,2.0
306,2022-02-17,2022-03-18,0.0,1.0,2.0,Mainz-Bingen,262.0,273.0,5704.0,7709.0,5.755600000000001,61.67333333333333,0.0,5.0,2.0
307,2022-03-18,2022-04-03,1.0,0.0,2.0,Mainz-Bingen,273.0,281.0,7709.0,9523.0,8.898352941176471,56.52,0.0,5.0,2.0
308,2022-04-03,2022-04-26,0.0,0.0,2.0,Mainz-Bingen,281.0,289.0,9523.0,4972.0,10.389000000000001,60.48833333333334,0.0,5.0,2.0
309,2022-04-26,2022-06-01,0.0,0.0,2.0,Mainz-Bingen,289.0,294.0,4972.0,1600.0,16.193081081081083,60.27891891891892,0.0,5.0,2.0
310,2022-06-01,2022-06-17,0.0,0.0,2.0,Mainz-Bingen,294.0,294.0,1600.0,2499.0,19.052235294117647,58.90117647058823,0.0,5.0,2.0
311,2022-06-17,2022-09-02,0.0,1.0,2.0,Mainz-Bingen,294.0,299.0,2499.0,1523.0,22.173692307692306,52.40923076923077,0.0,5.0,2.0
312,2021-03-04,2021-03-18,2.0,1.0,0.0,Cochem-Zell,46.0,47.0,90.0,31.0,2.1792,81.14666666666666,2.0,3.0,2.0
313,2021-03-18,2021-04-06,1.0,0.0,0.0,Cochem-Zell,47.0,51.0,31.0,76.0,6.156761904761905,66.28,2.0,3.0,2.0
314,2021-04-06,2021-04-23,0.0,0.0,0.0,Cochem-Zell,51.0,51.0,76.0,111.0,4.305777777777777,70.19777777777777,2.0,3.0,2.0
315,2021-04-23,2021-05-07,0.0,0.0,0.0,Cochem-Zell,51.0,54.0,111.0,86.0,6.549066666666666,60.522666666666666,2.0,3.0,2.0
316,2021-05-07,2021-06-01,0.0,3.0,0.0,Cochem-Zell,54.0,59.0,86.0,55.0,10.21323076923077,73.10923076923076,2.0,3.0,2.0
317,2021-06-01,2021-06-29,3.0,0.0,0.0,Cochem-Zell,59.0,61.0,55.0,6.0,17.87296551724138,70.60551724137932,2.0,3.0,2.0
318,2021-06-29,2021-08-02,0.0,0.0,1.0,Cochem-Zell,61.0,61.0,6.0,19.0,16.328457142857143,79.25028571428571,2.0,5.0,2.0
319,2021-08-02,2021-08-20,0.0,1.0,1.0,Cochem-Zell,61.0,61.0,19.0,28.0,15.765263157894736,79.50526315789473,2.0,5.0,2.0
320,2021-08-20,2021-09-07,1.0,0.0,1.0,Cochem-Zell,61.0,62.0,28.0,53.0,15.246315789473684,78.95157894736842,2.0,5.0,2.0
321,2021-09-07,2021-09-29,0.0,1.0,1.0,Cochem-Zell,62.0,68.0,53.0,45.0,14.446782608695651,80.56,0.0,5.0,2.0
322,2021-09-29,2021-10-23,1.0,2.0,1.0,Cochem-Zell,68.0,69.0,45.0,90.0,8.959840000000002,85.9904,0.0,5.0,2.0
323,2021-10-23,2021-11-04,2.0,3.0,1.0,Cochem-Zell,69.0,70.0,90.0,173.0,7.731692307692308,89.34461538461538,0.0,5.0,2.0
324,2021-11-04,2021-11-19,3.0,2.0,1.0,Cochem-Zell,70.0,70.0,173.0,335.0,4.36875,93.28,0.0,5.0,2.0
325,2021-11-19,2021-12-13,2.0,3.0,1.0,Cochem-Zell,70.0,77.0,335.0,340.0,1.8937599999999999,93.0864,0.0,5.0,2.0
326,2021-12-13,2021-12-28,3.0,2.0,1.0,Cochem-Zell,77.0,84.0,340.0,176.0,2.7204999999999995,94.2175,0.0,5.0,2.0
327,2021-12-28,2022-01-19,2.0,0.0,1.0,Cochem-Zell,84.0,86.0,176.0,687.0,2.596545454545455,92.9309090909091,0.0,5.0,2.0
328,2022-01-19,2022-01-28,0.0,1.0,1.0,Cochem-Zell,86.0,86.0,687.0,936.0,0.4704,91.292,0.0,5.0,2.0
329,2022-01-28,2022-02-17,1.0,5.0,2.0,Cochem-Zell,86.0,86.0,936.0,1246.0,3.4485714285714284,85.29333333333334,0.0,5.0,2.0
330,2022-02-17,2022-03-18,5.0,1.0,2.0,Cochem-Zell,86.0,88.0,1246.0,2773.0,3.7695999999999996,66.60533333333333,0.0,5.0,2.0
331,2022-03-18,2022-04-03,1.0,4.0,2.0,Cochem-Zell,88.0,89.0,2773.0,2859.0,6.904235294117647,60.188235294117646,0.0,5.0,2.0
332,2022-04-03,2022-04-26,4.0,2.0,2.0,Cochem-Zell,89.0,92.0,2859.0,1363.0,7.8485000000000005,66.065,0.0,5.0,2.0
333,2022-04-26,2022-06-01,2.0,1.0,2.0,Cochem-Zell,92.0,95.0,1363.0,434.0,13.35135135135135,64.5372972972973,0.0,5.0,2.0
334,2022-06-01,2022-06-17,1.0,4.0,2.0,Cochem-Zell,95.0,95.0,434.0,824.0,16.11223529411765,64.6470588235294,0.0,5.0,2.0
335,2022-06-17,2022-09-02,4.0,2.0,2.0,Cochem-Zell,95.0,104.0,824.0,340.0,19.30933333333333,57.74051282051282,0.0,5.0,2.0
336,2021-03-04,2021-03-18,1.0,0.0,0.0,Alzey-Worms,107.0,109.0,129.0,134.0,4.4168,75.304,2.0,3.0,2.0
337,2021-03-18,2021-04-06,0.0,1.0,0.0,Alzey-Worms,109.0,109.0,134.0,360.0,7.814666666666667,64.89904761904762,2.0,3.0,2.0
338,2021-04-06,2021-04-23,1.0,1.0,0.0,Alzey-Worms,109.0,114.0,360.0,414.0,6.470444444444445,66.67777777777778,2.0,3.0,2.0
339,2021-04-23,2021-05-07,1.0,0.0,0.0,Alzey-Worms,114.0,117.0,414.0,365.0,8.725866666666667,62.00266666666667,2.0,3.0,2.0
340,2021-05-07,2021-06-01,0.0,0.0,0.0,Alzey-Worms,117.0,117.0,365.0,129.0,12.41646153846154,72.93846153846154,2.0,3.0,2.0
341,2021-06-01,2021-06-29,0.0,0.0,0.0,Alzey-Worms,117.0,121.0,129.0,33.0,19.85296551724138,74.24689655172413,2.0,3.0,2.0
342,2021-06-29,2021-08-02,0.0,0.0,1.0,Alzey-Worms,121.0,123.0,33.0,32.0,18.236800000000002,79.17942857142857,2.0,5.0,2.0
343,2021-08-02,2021-08-20,0.0,0.0,1.0,Alzey-Worms,123.0,124.0,32.0,121.0,18.007578947368422,78.31368421052632,2.0,5.0,2.0
344,2021-08-20,2021-09-07,0.0,1.0,1.0,Alzey-Worms,124.0,125.0,121.0,282.0,16.72778947368421,78.94526315789474,2.0,5.0,2.0
345,2021-09-07,2021-09-29,1.0,1.0,1.0,Alzey-Worms,125.0,127.0,282.0,292.0,15.974434782608695,79.45391304347827,0.0,5.0,2.0
346,2021-09-29,2021-10-23,1.0,0.0,1.0,Alzey-Worms,127.0,137.0,292.0,227.0,10.4536,84.3488,0.0,5.0,2.0
347,2021-10-23,2021-11-04,0.0,0.0,1.0,Alzey-Worms,137.0,143.0,227.0,299.0,7.848923076923076,92.56923076923077,0.0,5.0,2.0
348,2021-11-04,2021-11-19,0.0,0.0,1.0,Alzey-Worms,143.0,143.0,299.0,571.0,5.23675,93.515,0.0,5.0,2.0
349,2021-11-19,2021-12-13,0.0,2.0,1.0,Alzey-Worms,143.0,147.0,571.0,1104.0,3.2396800000000003,89.8768,0.0,5.0,2.0
350,2021-12-13,2021-12-28,2.0,1.0,1.0,Alzey-Worms,147.0,154.0,1104.0,566.0,3.8047500000000003,93.0375,0.0,5.0,2.0
351,2021-12-28,2022-01-19,1.0,0.0,1.0,Alzey-Worms,154.0,157.0,566.0,919.0,4.251636363636364,86.11818181818182,0.0,5.0,2.0
352,2022-01-19,2022-01-28,0.0,0.0,1.0,Alzey-Worms,157.0,160.0,919.0,1788.0,2.1932,81.684,0.0,5.0,2.0
353,2022-01-28,2022-02-17,0.0,0.0,2.0,Alzey-Worms,160.0,164.0,1788.0,3480.0,5.35904761904762,76.28761904761905,0.0,5.0,2.0
354,2022-02-17,2022-03-18,0.0,1.0,2.0,Alzey-Worms,164.0,172.0,3480.0,4265.0,4.833333333333334,64.12,0.0,5.0,2.0
355,2022-03-18,2022-04-03,1.0,2.0,2.0,Alzey-Worms,172.0,178.0,4265.0,5598.0,7.796705882352941,60.614117647058826,0.0,5.0,2.0
356,2022-04-03,2022-04-26,2.0,0.0,2.0,Alzey-Worms,178.0,186.0,5598.0,3368.0,9.168333333333333,65.345,0.0,5.0,2.0
357,2022-04-26,2022-06-01,0.0,0.0,2.0,Alzey-Worms,186.0,195.0,3368.0,779.0,15.295459459459458,64.59567567567568,0.0,5.0,2.0
358,2022-06-01,2022-06-17,0.0,0.0,2.0,Alzey-Worms,195.0,196.0,779.0,981.0,18.294823529411765,62.55764705882353,0.0,5.0,2.0
359,2022-06-17,2022-09-02,0.0,0.0,2.0,Alzey-Worms,196.0,216.0,981.0,832.0,21.46558974358975,54.558461538461536,0.0,5.0,2.0
360,2021-03-04,2021-03-18,4.0,8.0,0.0,Germersheim,102.0,109.0,354.0,322.0,3.6973333333333334,75.432,2.0,3.0,2.0
361,2021-03-18,2021-04-06,8.0,7.0,0.0,Germersheim,109.0,115.0,322.0,403.0,7.748952380952381,62.45142857142857,2.0,3.0,2.0
362,2021-04-06,2021-04-23,7.0,6.0,0.0,Germersheim,115.0,123.0,403.0,461.0,6.756222222222221,64.50444444444445,2.0,3.0,2.0
363,2021-04-23,2021-05-07,6.0,5.0,0.0,Germersheim,123.0,125.0,461.0,337.0,9.1352,61.04,2.0,3.0,2.0
364,2021-05-07,2021-06-01,5.0,1.0,0.0,Germersheim,125.0,125.0,337.0,85.0,12.036615384615386,71.73384615384616,2.0,3.0,2.0
365,2021-06-01,2021-06-29,1.0,0.0,0.0,Germersheim,125.0,125.0,85.0,23.0,20.360275862068967,70.66068965517242,2.0,3.0,2.0
366,2021-06-29,2021-08-02,0.0,0.0,1.0,Germersheim,125.0,125.0,23.0,66.0,19.062514285714283,74.97028571428571,2.0,5.0,2.0
367,2021-08-02,2021-08-20,0.0,1.0,1.0,Germersheim,125.0,126.0,66.0,178.0,18.367789473684212,74.18105263157895,2.0,5.0,2.0
368,2021-08-20,2021-09-07,1.0,0.0,1.0,Germersheim,126.0,126.0,178.0,353.0,16.975578947368422,76.03368421052632,2.0,5.0,2.0
369,2021-09-07,2021-09-29,0.0,3.0,1.0,Germersheim,126.0,127.0,353.0,209.0,16.62191304347826,74.92173913043479,0.0,5.0,2.0
370,2021-09-29,2021-10-23,3.0,1.0,1.0,Germersheim,127.0,128.0,209.0,384.0,10.308480000000001,81.7856,0.0,5.0,2.0
371,2021-10-23,2021-11-04,1.0,3.0,1.0,Germersheim,128.0,129.0,384.0,532.0,8.265846153846153,86.71076923076923,0.0,5.0,2.0
372,2021-11-04,2021-11-19,3.0,3.0,1.0,Germersheim,129.0,133.0,532.0,1250.0,4.79125,90.8575,0.0,5.0,2.0
373,2021-11-19,2021-12-13,3.0,7.0,1.0,Germersheim,133.0,151.0,1250.0,1642.0,2.64384,87.5664,0.0,5.0,2.0
374,2021-12-13,2021-12-28,7.0,8.0,1.0,Germersheim,151.0,169.0,1642.0,1016.0,4.03425,87.455,0.0,5.0,2.0
375,2021-12-28,2022-01-19,8.0,4.0,1.0,Germersheim,169.0,182.0,1016.0,1243.0,3.744363636363636,87.73272727272727,0.0,5.0,2.0
376,2022-01-19,2022-01-28,4.0,1.0,1.0,Germersheim,182.0,187.0,1243.0,2354.0,2.2524,83.364,0.0,5.0,2.0
377,2022-01-28,2022-02-17,1.0,0.0,2.0,Germersheim,187.0,190.0,2354.0,4252.0,4.525904761904762,81.8704761904762,0.0,5.0,2.0
378,2022-02-17,2022-03-18,0.0,0.0,2.0,Germersheim,190.0,192.0,4252.0,5564.0,5.5654666666666675,63.07866666666666,0.0,5.0,2.0
379,2022-03-18,2022-04-03,0.0,0.0,2.0,Germersheim,192.0,200.0,5564.0,5301.0,8.184235294117647,60.8564705882353,0.0,5.0,2.0
380,2022-04-03,2022-04-26,0.0,0.0,2.0,Germersheim,200.0,202.0,5301.0,3297.0,10.0595,64.305,0.0,5.0,2.0
381,2022-04-26,2022-06-01,0.0,1.0,2.0,Germersheim,202.0,208.0,3297.0,653.0,16.32216216216216,63.36108108108108,0.0,5.0,2.0
382,2022-06-01,2022-06-17,1.0,1.0,2.0,Germersheim,208.0,209.0,653.0,956.0,19.64235294117647,59.421176470588236,0.0,5.0,2.0
383,2022-06-17,2022-09-02,1.0,0.0,2.0,Germersheim,209.0,215.0,956.0,722.0,22.412102564102565,54.352820512820514,0.0,5.0,2.0
384,2021-03-04,2021-03-18,1.0,1.0,0.0,Trier-Saarburg,81.0,84.0,160.0,185.0,4.234133333333333,75.376,2.0,3.0,2.0
385,2021-03-18,2021-04-06,1.0,1.0,0.0,Trier-Saarburg,84.0,86.0,185.0,183.0,7.50647619047619,64.69904761904762,2.0,3.0,2.0
386,2021-04-06,2021-04-23,1.0,1.0,0.0,Trier-Saarburg,86.0,89.0,183.0,341.0,5.9895555555555555,69.01555555555555,2.0,3.0,2.0
387,2021-04-23,2021-05-07,1.0,2.0,0.0,Trier-Saarburg,89.0,93.0,341.0,278.0,8.629600000000002,59.306666666666665,2.0,3.0,2.0
388,2021-05-07,2021-06-01,2.0,0.0,0.0,Trier-Saarburg,93.0,95.0,278.0,104.0,11.903384615384617,72.63538461538461,2.0,3.0,2.0
389,2021-06-01,2021-06-29,0.0,0.0,0.0,Trier-Saarburg,95.0,95.0,104.0,12.0,19.45986206896552,69.8855172413793,2.0,3.0,2.0
390,2021-06-29,2021-08-02,0.0,0.0,1.0,Trier-Saarburg,95.0,95.0,12.0,44.0,17.456,79.52914285714286,2.0,5.0,2.0
391,2021-08-02,2021-08-20,0.0,0.0,1.0,Trier-Saarburg,95.0,95.0,44.0,74.0,17.306526315789476,78.64842105263158,2.0,5.0,2.0
392,2021-08-20,2021-09-07,0.0,0.0,1.0,Trier-Saarburg,95.0,95.0,74.0,203.0,16.53557894736842,77.9578947368421,2.0,5.0,2.0
393,2021-09-07,2021-09-29,0.0,0.0,1.0,Trier-Saarburg,95.0,96.0,203.0,110.0,15.471130434782609,81.31652173913044,0.0,5.0,2.0
394,2021-09-29,2021-10-23,0.0,2.0,1.0,Trier-Saarburg,96.0,99.0,110.0,228.0,10.158240000000001,85.104,0.0,5.0,2.0
395,2021-10-23,2021-11-04,2.0,1.0,1.0,Trier-Saarburg,99.0,100.0,228.0,271.0,8.865538461538462,88.44,0.0,5.0,2.0
396,2021-11-04,2021-11-19,1.0,0.0,1.0,Trier-Saarburg,100.0,104.0,271.0,510.0,4.79125,93.6475,0.0,5.0,2.0
397,2021-11-19,2021-12-13,0.0,2.0,1.0,Trier-Saarburg,104.0,111.0,510.0,803.0,3.3272,89.5536,0.0,5.0,2.0
398,2021-12-13,2021-12-28,2.0,2.0,1.0,Trier-Saarburg,111.0,111.0,803.0,389.0,4.1395,91.2625,0.0,5.0,2.0
399,2021-12-28,2022-01-19,2.0,1.0,1.0,Trier-Saarburg,111.0,112.0,389.0,992.0,3.5654545454545454,92.29272727272728,0.0,5.0,2.0
400,2022-01-19,2022-01-28,1.0,1.0,1.0,Trier-Saarburg,112.0,113.0,992.0,2554.0,1.748,88.956,0.0,5.0,2.0
401,2022-01-28,2022-02-17,1.0,0.0,2.0,Trier-Saarburg,113.0,119.0,2554.0,4222.0,5.097142857142858,83.36571428571429,0.0,5.0,2.0
402,2022-02-17,2022-03-18,0.0,3.0,2.0,Trier-Saarburg,119.0,129.0,4222.0,5289.0,5.5064,64.06933333333333,0.0,5.0,2.0
403,2022-03-18,2022-04-03,3.0,0.0,2.0,Trier-Saarburg,129.0,131.0,5289.0,5418.0,8.141882352941177,59.73647058823529,0.0,5.0,2.0
404,2022-04-03,2022-04-26,0.0,0.0,2.0,Trier-Saarburg,131.0,134.0,5418.0,3509.0,9.629333333333333,63.678333333333335,0.0,5.0,2.0
405,2022-04-26,2022-06-01,0.0,0.0,2.0,Trier-Saarburg,134.0,134.0,3509.0,701.0,15.039135135135137,63.486486486486484,0.0,5.0,2.0
406,2022-06-01,2022-06-17,0.0,0.0,2.0,Trier-Saarburg,134.0,135.0,701.0,1209.0,17.932,62.59058823529412,0.0,5.0,2.0
407,2022-06-17,2022-09-02,0.0,0.0,2.0,Trier-Saarburg,135.0,149.0,1209.0,848.0,21.207076923076922,54.58871794871795,0.0,5.0,2.0
408,2021-03-04,2021-03-18,3.0,3.0,0.0,Westerwaldkreis,119.0,122.0,234.0,336.0,1.7525333333333335,84.30133333333333,2.0,3.0,2.0
409,2021-03-18,2021-04-06,3.0,8.0,0.0,Westerwaldkreis,122.0,130.0,336.0,533.0,5.562285714285714,71.29142857142857,2.0,3.0,2.0
410,2021-04-06,2021-04-23,8.0,7.0,0.0,Westerwaldkreis,130.0,140.0,533.0,632.0,3.540222222222222,77.28222222222222,2.0,3.0,2.0
411,2021-04-23,2021-05-07,7.0,6.0,0.0,Westerwaldkreis,140.0,147.0,632.0,648.0,5.686133333333334,69.272,2.0,3.0,2.0
412,2021-05-07,2021-06-01,6.0,4.0,0.0,Westerwaldkreis,147.0,149.0,648.0,232.0,9.778307692307694,79.24615384615385,2.0,3.0,2.0
413,2021-06-01,2021-06-29,4.0,1.0,0.0,Westerwaldkreis,149.0,156.0,232.0,46.0,17.878482758620688,73.35034482758621,2.0,3.0,2.0
414,2021-06-29,2021-08-02,1.0,0.0,1.0,Westerwaldkreis,156.0,156.0,46.0,43.0,15.778400000000003,83.55428571428571,2.0,5.0,2.0
415,2021-08-02,2021-08-20,0.0,2.0,1.0,Westerwaldkreis,156.0,156.0,43.0,182.0,15.084842105263156,85.02526315789474,2.0,5.0,2.0
416,2021-08-20,2021-09-07,2.0,4.0,1.0,Westerwaldkreis,156.0,157.0,182.0,318.0,14.926736842105262,80.91368421052631,2.0,5.0,2.0
417,2021-09-07,2021-09-29,4.0,3.0,1.0,Westerwaldkreis,157.0,161.0,318.0,244.0,14.14086956521739,82.78260869565217,0.0,5.0,2.0
418,2021-09-29,2021-10-23,3.0,3.0,1.0,Westerwaldkreis,161.0,164.0,244.0,236.0,8.66544,87.904,0.0,5.0,2.0
419,2021-10-23,2021-11-04,3.0,4.0,1.0,Westerwaldkreis,164.0,170.0,236.0,377.0,7.044615384615384,92.57846153846154,0.0,5.0,2.0
420,2021-11-04,2021-11-19,4.0,5.0,1.0,Westerwaldkreis,170.0,175.0,377.0,617.0,4.145,92.8525,0.0,5.0,2.0
421,2021-11-19,2021-12-13,5.0,3.0,1.0,Westerwaldkreis,175.0,183.0,617.0,1041.0,1.27936,92.2656,0.0,5.0,2.0
422,2021-12-13,2021-12-28,3.0,4.0,1.0,Westerwaldkreis,183.0,190.0,1041.0,661.0,1.9832500000000002,92.085,0.0,5.0,2.0
423,2021-12-28,2022-01-19,4.0,1.0,1.0,Westerwaldkreis,190.0,196.0,661.0,1225.0,2.2178181818181817,92.88181818181818,0.0,5.0,2.0
424,2022-01-19,2022-01-28,1.0,2.0,1.0,Westerwaldkreis,196.0,197.0,1225.0,2925.0,0.02640000000000002,94.164,0.0,5.0,2.0
425,2022-01-28,2022-02-17,2.0,5.0,2.0,Westerwaldkreis,197.0,205.0,2925.0,5962.0,2.6121904761904764,88.3352380952381,0.0,5.0,2.0
426,2022-02-17,2022-03-18,5.0,4.0,2.0,Westerwaldkreis,205.0,220.0,5962.0,8169.0,3.139866666666667,66.37866666666666,0.0,5.0,2.0
427,2022-03-18,2022-04-03,4.0,4.0,2.0,Westerwaldkreis,220.0,228.0,8169.0,8304.0,6.585411764705883,58.908235294117645,0.0,5.0,2.0
428,2022-04-03,2022-04-26,4.0,2.0,2.0,Westerwaldkreis,228.0,234.0,8304.0,4988.0,7.136000000000001,68.91,0.0,5.0,2.0
429,2022-04-26,2022-06-01,2.0,1.0,2.0,Westerwaldkreis,234.0,237.0,4988.0,1570.0,12.724648648648648,67.59891891891891,0.0,5.0,2.0
430,2022-06-01,2022-06-17,1.0,2.0,2.0,Westerwaldkreis,237.0,238.0,1570.0,2704.0,15.502823529411764,69.93882352941176,0.0,5.0,2.0
431,2022-06-17,2022-09-02,2.0,1.0,2.0,Westerwaldkreis,238.0,245.0,2704.0,1237.0,18.72907692307692,64.5697435897436,0.0,5.0,2.0
432,2021-03-04,2021-03-18,3.0,2.0,0.0,Mayen-Koblenz,134.0,136.0,217.0,245.0,4.710666666666667,76.624,2.0,3.0,2.0
433,2021-03-18,2021-04-06,2.0,4.0,0.0,Mayen-Koblenz,136.0,140.0,245.0,587.0,7.691047619047619,67.70666666666666,2.0,3.0,2.0
434,2021-04-06,2021-04-23,4.0,8.0,0.0,Mayen-Koblenz,140.0,149.0,587.0,829.0,6.715333333333334,69.38222222222223,2.0,3.0,2.0
435,2021-04-23,2021-05-07,8.0,8.0,0.0,Mayen-Koblenz,149.0,156.0,829.0,625.0,9.126133333333334,60.053333333333335,2.0,3.0,2.0
436,2021-05-07,2021-06-01,8.0,4.0,0.0,Mayen-Koblenz,156.0,161.0,625.0,151.0,12.772153846153845,71.37230769230769,2.0,3.0,2.0
437,2021-06-01,2021-06-29,4.0,0.0,0.0,Mayen-Koblenz,161.0,176.0,151.0,33.0,20.143724137931034,68.2455172413793,2.0,3.0,2.0
438,2021-06-29,2021-08-02,0.0,0.0,1.0,Mayen-Koblenz,176.0,176.0,33.0,112.0,18.480375000000002,76.5525,2.0,5.0,2.0
439,2021-08-02,2021-08-20,0.0,1.0,1.0,Mayen-Koblenz,176.0,178.0,112.0,202.0,17.614315789473686,77.58315789473684,2.0,5.0,2.0
440,2021-08-20,2021-09-07,1.0,3.0,1.0,Mayen-Koblenz,178.0,179.0,202.0,396.0,17.018526315789472,78.56421052631579,2.0,5.0,2.0
441,2021-09-07,2021-09-29,3.0,2.0,1.0,Mayen-Koblenz,179.0,179.0,396.0,207.0,15.89913043478261,78.52347826086957,0.0,5.0,2.0
442,2021-09-29,2021-10-23,2.0,1.0,1.0,Mayen-Koblenz,179.0,183.0,207.0,189.0,10.732,82.9392,0.0,5.0,2.0
443,2021-10-23,2021-11-04,1.0,1.0,1.0,Mayen-Koblenz,183.0,183.0,189.0,446.0,8.82676923076923,87.93230769230769,0.0,5.0,2.0
444,2021-11-04,2021-11-19,1.0,2.0,1.0,Mayen-Koblenz,183.0,192.0,446.0,704.0,6.0865,89.2225,0.0,5.0,2.0
445,2021-11-19,2021-12-13,2.0,6.0,1.0,Mayen-Koblenz,192.0,198.0,704.0,1052.0,4.2916799999999995,85.688,0.0,5.0,2.0
446,2021-12-13,2021-12-28,6.0,6.0,1.0,Mayen-Koblenz,198.0,204.0,1052.0,811.0,4.327999999999999,89.6225,0.0,5.0,2.0
447,2021-12-28,2022-01-19,6.0,6.0,1.0,Mayen-Koblenz,204.0,207.0,811.0,1766.0,4.965636363636363,86.79636363636364,0.0,5.0,2.0
448,2022-01-19,2022-01-28,6.0,3.0,1.0,Mayen-Koblenz,207.0,207.0,1766.0,2443.0,3.968,82.012,0.0,5.0,2.0
449,2022-01-28,2022-02-17,3.0,4.0,2.0,Mayen-Koblenz,207.0,211.0,2443.0,6179.0,5.999428571428571,78.13333333333334,0.0,5.0,2.0
450,2022-02-17,2022-03-18,4.0,3.0,2.0,Mayen-Koblenz,211.0,214.0,6179.0,9014.0,5.131866666666666,68.448,0.0,5.0,2.0
451,2022-03-18,2022-04-03,3.0,5.0,2.0,Mayen-Koblenz,214.0,219.0,9014.0,10343.0,8.14870588235294,65.33411764705882,0.0,5.0,2.0
452,2022-04-03,2022-04-26,5.0,5.0,2.0,Mayen-Koblenz,219.0,228.0,10343.0,4794.0,10.065333333333333,66.09666666666666,0.0,5.0,2.0
453,2022-04-26,2022-06-01,5.0,1.0,2.0,Mayen-Koblenz,228.0,231.0,4794.0,1503.0,15.335567567567566,66.11135135135135,0.0,5.0,2.0
454,2022-06-01,2022-06-17,1.0,2.0,2.0,Mayen-Koblenz,231.0,231.0,1503.0,2810.0,18.005647058823527,64.3435294117647,0.0,5.0,2.0
455,2022-06-17,2022-09-02,2.0,2.0,2.0,Mayen-Koblenz,231.0,241.0,2810.0,1268.0,21.066871794871794,57.99589743589743,0.0,5.0,2.0
456,2021-03-04,2021-03-18,0.0,0.0,0.0,Donnersbergkreis,51.0,54.0,62.0,101.0,2.8568,76.27733333333333,2.0,3.0,2.0
457,2021-03-18,2021-04-06,0.0,1.0,0.0,Donnersbergkreis,54.0,55.0,101.0,134.0,7.071428571428571,61.60952380952381,2.0,3.0,2.0
458,2021-04-06,2021-04-23,1.0,2.0,0.0,Donnersbergkreis,55.0,57.0,134.0,308.0,5.106,66.96222222222222,2.0,3.0,2.0
459,2021-04-23,2021-05-07,2.0,2.0,0.0,Donnersbergkreis,57.0,61.0,308.0,268.0,7.318933333333333,62.208,2.0,3.0,2.0
460,2021-05-07,2021-06-01,2.0,3.0,0.0,Donnersbergkreis,61.0,66.0,268.0,59.0,10.804461538461538,74.07230769230769,2.0,3.0,2.0
461,2021-06-01,2021-06-29,3.0,0.0,0.0,Donnersbergkreis,66.0,69.0,59.0,20.0,18.654758620689655,72.16137931034483,2.0,3.0,2.0
462,2021-06-29,2021-08-02,0.0,0.0,1.0,Donnersbergkreis,69.0,71.0,20.0,22.0,16.992228571428573,77.70514285714286,2.0,5.0,2.0
463,2021-08-02,2021-08-20,0.0,0.0,1.0,Donnersbergkreis,71.0,73.0,22.0,66.0,17.002736842105264,76.53894736842105,2.0,5.0,2.0
464,2021-08-20,2021-09-07,0.0,0.0,1.0,Donnersbergkreis,73.0,71.0,66.0,140.0,15.792421052631578,77.06315789473685,2.0,5.0,2.0
465,2021-09-07,2021-09-29,0.0,0.0,1.0,Donnersbergkreis,71.0,74.0,140.0,60.0,15.416347826086955,76.76347826086956,0.0,5.0,2.0
466,2021-09-29,2021-10-23,0.0,0.0,1.0,Donnersbergkreis,74.0,74.0,60.0,39.0,9.604959999999998,82.8944,0.0,5.0,2.0
467,2021-10-23,2021-11-04,0.0,0.0,1.0,Donnersbergkreis,74.0,76.0,39.0,111.0,8.208923076923076,86.57538461538462,0.0,5.0,2.0
468,2021-11-04,2021-11-19,0.0,2.0,1.0,Donnersbergkreis,76.0,77.0,111.0,273.0,4.340750000000001,92.775,0.0,5.0,2.0
469,2021-11-19,2021-12-13,2.0,2.0,1.0,Donnersbergkreis,77.0,82.0,273.0,502.0,1.7246400000000002,92.2736,0.0,5.0,2.0
470,2021-12-13,2021-12-28,2.0,3.0,1.0,Donnersbergkreis,82.0,88.0,502.0,294.0,3.008,92.3125,0.0,5.0,2.0
471,2021-12-28,2022-01-19,3.0,0.0,1.0,Donnersbergkreis,88.0,92.0,294.0,549.0,3.0929090909090906,90.59636363636363,0.0,5.0,2.0
472,2022-01-19,2022-01-28,0.0,0.0,1.0,Donnersbergkreis,92.0,93.0,549.0,947.0,0.25560000000000005,91.716,0.0,5.0,2.0
473,2022-01-28,2022-02-17,0.0,1.0,2.0,Donnersbergkreis,93.0,94.0,947.0,1815.0,3.6788571428571424,84.22666666666667,0.0,5.0,2.0
474,2022-02-17,2022-03-18,1.0,1.0,2.0,Donnersbergkreis,94.0,97.0,1815.0,2871.0,4.093866666666666,65.52666666666667,0.0,5.0,2.0
475,2022-03-18,2022-04-03,1.0,2.0,2.0,Donnersbergkreis,97.0,101.0,2871.0,3399.0,7.439764705882352,59.887058823529415,0.0,5.0,2.0
476,2022-04-03,2022-04-26,2.0,1.0,2.0,Donnersbergkreis,101.0,106.0,3399.0,2129.0,7.997833333333334,67.57333333333334,0.0,5.0,2.0
477,2022-04-26,2022-06-01,1.0,0.0,2.0,Donnersbergkreis,106.0,116.0,2129.0,519.0,14.364324324324324,64.57513513513514,0.0,5.0,2.0
478,2022-06-01,2022-06-17,0.0,0.0,2.0,Donnersbergkreis,116.0,116.0,519.0,1008.0,17.434588235294118,61.51764705882353,0.0,5.0,2.0
479,2022-06-17,2022-09-02,0.0,0.0,2.0,Donnersbergkreis,116.0,123.0,1008.0,538.0,20.580307692307695,55.03025641025641,0.0,5.0,2.0
